{
  "storyPrompt": "Un profe (de 44 años, cabello rubio, sin vello facial) está en su primer hackathon que se llama \"Platanus Hack 2025\" y tiene que hacer una presentación ante una audiencia de desarrolladores increíbles que saben lo que hacen.",
  "storyGoal": "¡Haz la presentación, responde las preguntas correctamente y recoge los votos de las personas que conozcas!",
  "globalStyle": "Equirectangular 360° panorama, ultra coherent series look.\nsilicon valley style shots set in Santiago, Chile at a coworking space",
  "assetBase": "./assets",
  "imgExt": "jpg",
  "start": "lobby",
  "scenes": [
    {
      "id": "lobby",
      "kind": "base",
      "title": "Lobby de Entrada - Platanus Hack",
      "description": "Estás en la entrada de Platanus Hack 2025. El sol de Santiago brilla a través de los ventanales. Te sientes un poco fuera de lugar con tu camisa de profesor entre tantos hoodies negros. Necesitas tu credencial para entrar a la zona de hacking. Al Norte está el pasillo principal.",
      "image_prompt": "Equirectangular 360 panorama, ultra realistic, modern office lobby in Santiago Chile with Andes mountains visible through glass, registration desk, tech startup vibe, sunny, 44 year old blonde man reflection in glass, cinematic lighting. East is forward.",
      "actions": [
        {
          "type": "look",
          "cmd": "look reception",
          "label": "Mirar Recepción",
          "overlayScene": "reception_desk"
        },
        {
          "type": "move",
          "cmd": "north",
          "label": "Entrar al Hackathon",
          "successor": "coworking_hall",
          "requiredItems": [
            "credential"
          ]
        }
      ]
    },
    {
      "id": "reception_desk",
      "kind": "overlay",
      "title": "Mesa de Registro",
      "description": "Una organizadora joven te mira esperando tu nombre. Hay una lista de participantes y credenciales.",
      "image_prompt": "Close up flat 2D, sleek registration desk surface, a list of names, a lanyard badge with 'Platanus Hack' logo, blurred busy background, silicon valley aesthetic.",
      "parentScene": "lobby",
      "actions": [
        {
          "type": "interact",
          "cmd": "get credential",
          "label": "Pedir Credencial",
          "givesItem": "credential",
          "hiddenIfHas": [
            "credential"
          ]
        },
        {
          "type": "move",
          "cmd": "back",
          "label": "Volver",
          "closeOverlayOnSuccess": true
        }
      ]
    },
    {
      "id": "coworking_hall",
      "kind": "base",
      "title": "Sala de Hacking",
      "description": "El corazón del evento. Cientos de desarrolladores teclean furiosamente. Al Este está la cafetería. Al Norte, el gran escenario donde debes presentar. Te sientes nervioso. Dejaste tu mochila en una silla cercana; deberías revisarla. También hay un grupo de devs discutiendo código cerca.",
      "image_prompt": "Equirectangular 360 panorama, massive open plan coworking space, rows of developers with macbooks, industrial ceiling, energetic atmosphere, stickers on laptops, Santiago cityscape out window. East is forward.",
      "actions": [
        {
          "type": "move",
          "cmd": "south",
          "label": "Volver al Lobby",
          "successor": "lobby"
        },
        {
          "type": "move",
          "cmd": "east",
          "label": "Ir a la Cafetería",
          "successor": "cafeteria"
        },
        {
          "type": "move",
          "cmd": "north",
          "label": "Ir al Escenario",
          "successor": "stage_podium"
        },
        {
          "type": "look",
          "cmd": "look backpack",
          "label": "Revisar Mochila",
          "overlayScene": "backpack_view"
        },
        {
          "type": "look",
          "cmd": "look devs",
          "label": "Hablar con Devs",
          "overlayScene": "dev_group"
        }
      ]
    },
    {
      "id": "backpack_view",
      "kind": "overlay",
      "title": "Tu Mochila",
      "description": "Tu vieja mochila de profesor. Entre correcciones de exámenes y cables, ves tu pendrive USB con la presentación.",
      "image_prompt": "Close up flat 2D, open leather satchel bag, messy interior, a distinct USB drive glowing slightly, notebooks, pens, highly detailed texture.",
      "parentScene": "coworking_hall",
      "actions": [
        {
          "type": "interact",
          "cmd": "take usb",
          "label": "Tomar USB",
          "givesItem": "usb_drive",
          "hiddenIfHas": [
            "usb_drive"
          ]
        },
        {
          "type": "move",
          "cmd": "back",
          "label": "Cerrar Mochila",
          "closeOverlayOnSuccess": true
        }
      ]
    },
    {
      "id": "dev_group",
      "kind": "overlay",
      "title": "Grupo de Desarrolladores",
      "description": "Un grupo de jóvenes genios discute sobre arquitectura de software. Parecen intimidantes, pero podrían apoyarte si les cuentas tu idea.",
      "image_prompt": "Close up flat 2D, group of three diverse developers looking at a screen, intense expressions, coffee cups on table, code visible on screen, depth of field focus on them.",
      "parentScene": "coworking_hall",
      "actions": [
        {
          "type": "interact",
          "cmd": "talk devs",
          "label": "Presentar tu Idea (Networking)",
          "givesItem": "votes",
          "hiddenIfHas": [
            "votes"
          ]
        },
        {
          "type": "move",
          "cmd": "back",
          "label": "Alejarse",
          "closeOverlayOnSuccess": true
        }
      ]
    },
    {
      "id": "cafeteria",
      "kind": "base",
      "title": "Zona de Café",
      "description": "El olor a grano tostado inunda el aire. Necesitas energía para la presentación. Hay una máquina de espresso de alta gama frente a ti. Al Oeste vuelves a la sala de hacking.",
      "image_prompt": "Equirectangular 360 panorama, stylish modern office cafeteria, break room, barista station, people chatting, neon signs, comfortable seating, vibrant colors. East is forward.",
      "actions": [
        {
          "type": "move",
          "cmd": "west",
          "label": "Volver al Hacking",
          "successor": "coworking_hall"
        },
        {
          "type": "look",
          "cmd": "look machine",
          "label": "Usar Máquina de Café",
          "overlayScene": "coffee_machine"
        }
      ]
    },
    {
      "id": "coffee_machine",
      "kind": "overlay",
      "title": "Máquina de Espresso",
      "description": "Una máquina cromada brillante. Un buen café te dará la confianza necesaria.",
      "image_prompt": "Close up flat 2D, professional chrome espresso machine pouring dark coffee into a cup, steam rising, cinematic product shot style.",
      "parentScene": "cafeteria",
      "actions": [
        {
          "type": "interact",
          "cmd": "drink coffee",
          "label": "Beber Espresso Doble",
          "givesItem": "coffee",
          "hiddenIfHas": [
            "coffee"
          ]
        },
        {
          "type": "move",
          "cmd": "back",
          "label": "Dejar Máquina",
          "closeOverlayOnSuccess": true
        }
      ]
    },
    {
      "id": "stage_podium",
      "kind": "base",
      "title": "El Escenario Principal",
      "description": "Las luces te ciegan un poco. La audiencia espera. Tienes el atril frente a ti. Si tienes tus diapositivas (USB), el apoyo de la gente (Votos) y energía (Café), es hora de brillar.",
      "image_prompt": "Equirectangular 360 panorama, view from a stage looking out at a dark auditorium filled with people, bright spotlights, large projection screen behind, tech conference atmosphere. East is forward.",
      "actions": [
        {
          "type": "move",
          "cmd": "south",
          "label": "Volver (Falta preparación)",
          "successor": "coworking_hall"
        },
        {
          "type": "look",
          "cmd": "start presentation",
          "label": "¡Iniciar Presentación!",
          "overlayScene": "presentation_win",
          "requiredItems": [
            "usb_drive",
            "votes",
            "coffee"
          ]
        }
      ]
    },
    {
      "id": "presentation_win",
      "kind": "overlay",
      "title": "¡Éxito Total!",
      "description": "Conectas el USB. El café hace efecto y hablas con elocuencia. Gracias a los votos que conseguiste antes, la audiencia está de tu lado. ¡Respondes las preguntas técnicas con maestría! Has ganado el respeto de todos en Platanus Hack 2025.",
      "image_prompt": "Close up flat 2D, a slide on a screen saying 'WINNER', confetti falling, a hand holding a microphone victoriously, blurred clapping audience in background, high energy.",
      "parentScene": "stage_podium",
      "actions": [
        {
          "type": "move",
          "cmd": "restart",
          "label": "Jugar de Nuevo",
          "successor": "lobby"
        }
      ]
    }
  ],
  "suggestedName": "profe_hackathon_2025"
}